bookingid,customerID,bookingdate,TableNo
1,7,"2023-10-20 00:00:00",5
2,7,"2023-10-30 00:00:00",14
3,9,"2023-10-15 00:00:00",13
4,16,"2023-01-09 00:00:00",15
5,17,"2023-09-20 00:00:00",8
6,12,"2023-06-06 00:00:00",13
7,2,"2023-05-16 00:00:00",5
8,10,"2023-02-24 00:00:00",3
9,8,"2023-05-23 00:00:00",11
10,17,"2023-10-09 00:00:00",9
11,9,"2023-07-16 00:00:00",8
12,7,"2023-01-16 00:00:00",10
13,17,"2023-08-18 00:00:00",10
14,2,"2023-07-15 00:00:00",2
15,14,"2023-11-24 00:00:00",7
16,4,"2023-06-26 00:00:00",5
17,19,"2023-01-24 00:00:00",4
18,12,"2023-05-27 00:00:00",5
19,17,"2023-06-04 00:00:00",10
20,3,"2023-11-27 00:00:00",9
21,6,"2023-03-30 00:00:00",14
22,12,"2023-06-29 00:00:00",4
23,6,"2023-01-08 00:00:00",10
24,19,"2023-05-12 00:00:00",2
25,15,"2023-07-14 00:00:00",5
26,15,"2023-09-24 00:00:00",4
27,3,"2023-05-27 00:00:00",4
28,15,"2023-04-29 00:00:00",8
29,19,"2023-09-02 00:00:00",6
30,13,"2023-04-18 00:00:00",10
31,15,"2023-04-12 00:00:00",14
32,5,"2023-10-05 00:00:00",14
33,10,"2023-09-25 00:00:00",14
34,14,"2023-10-24 00:00:00",7
35,8,"2023-09-05 00:00:00",4
36,17,"2023-08-24 00:00:00",8
37,10,"2023-07-20 00:00:00",9
38,18,"2023-11-06 00:00:00",14
39,4,"2023-11-07 00:00:00",2
40,5,"2023-08-28 00:00:00",10
41,2,"2023-07-14 00:00:00",7
42,3,"2023-01-07 00:00:00",12
43,6,"2023-11-13 00:00:00",8
44,5,"2023-05-26 00:00:00",15
45,16,"2023-01-30 00:00:00",10
46,8,"2023-03-26 00:00:00",12
47,15,"2023-11-09 00:00:00",10
48,4,"2023-01-31 00:00:00",13
49,11,"2023-03-22 00:00:00",3
50,9,"2023-02-18 00:00:00",15
51,9,"2023-02-04 00:00:00",7
52,1,"2023-08-12 00:00:00",2
53,10,"2023-03-25 00:00:00",3
54,1,"2023-01-06 00:00:00",12
55,11,"2023-10-30 00:00:00",1
56,8,"2023-03-13 00:00:00",7
57,12,"2023-06-07 00:00:00",8
58,16,"2023-11-11 00:00:00",9
59,3,"2023-05-22 00:00:00",11
60,7,"2023-11-04 00:00:00",6
61,11,"2023-04-27 00:00:00",14
62,8,"2023-07-30 00:00:00",1
63,1,"2023-02-26 00:00:00",8
64,12,"2023-07-24 00:00:00",6
65,5,"2023-04-16 00:00:00",12
66,8,"2023-08-19 00:00:00",15
67,12,"2023-10-26 00:00:00",14
68,10,"2023-03-17 00:00:00",5
69,1,"2023-10-07 00:00:00",7
70,15,"2023-02-26 00:00:00",2
71,10,"2023-07-20 00:00:00",5
72,15,"2023-11-27 00:00:00",14
73,19,"2023-08-17 00:00:00",15
74,18,"2023-04-16 00:00:00",7
75,13,"2023-09-18 00:00:00",9
76,5,"2023-02-01 00:00:00",7
77,11,"2023-02-15 00:00:00",7
78,10,"2023-07-07 00:00:00",13
79,13,"2023-02-06 00:00:00",3
80,14,"2023-03-15 00:00:00",9
81,1,"2023-07-14 00:00:00",5
82,1,"2023-07-21 00:00:00",6
83,10,"2023-02-13 00:00:00",8
84,14,"2023-01-17 00:00:00",15
85,16,"2023-02-28 00:00:00",9
86,3,"2023-09-17 00:00:00",9
87,10,"2023-03-21 00:00:00",6
88,9,"2023-04-30 00:00:00",3
89,10,"2023-01-20 00:00:00",2
90,19,"2023-07-21 00:00:00",2
91,3,"2023-04-07 00:00:00",1
92,10,"2023-03-04 00:00:00",14
93,7,"2023-02-16 00:00:00",12
94,15,"2023-01-05 00:00:00",5
95,7,"2023-07-20 00:00:00",6
96,20,"2023-02-11 00:00:00",4
97,11,"2023-09-13 00:00:00",7
98,20,"2023-10-06 00:00:00",5
99,1,"2023-03-31 00:00:00",3
100,19,"2023-06-18 00:00:00",13
101,8,"2023-03-06 00:00:00",12
102,5,"2023-06-21 00:00:00",13
103,1,"2023-01-07 00:00:00",10
104,13,"2023-04-14 00:00:00",5
105,15,"2023-03-09 00:00:00",7
106,18,"2023-07-11 00:00:00",3
107,16,"2023-03-26 00:00:00",5
108,12,"2023-06-20 00:00:00",15
109,12,"2023-07-27 00:00:00",10
110,5,"2023-11-14 00:00:00",4
111,11,"2023-08-01 00:00:00",4
112,5,"2023-07-17 00:00:00",12
113,17,"2023-10-30 00:00:00",1
114,6,"2023-10-02 00:00:00",13
115,19,"2023-10-04 00:00:00",9
116,2,"2023-04-07 00:00:00",2
117,2,"2023-01-19 00:00:00",14
118,9,"2023-05-23 00:00:00",7
119,16,"2023-11-11 00:00:00",2
120,4,"2023-05-29 00:00:00",6
121,19,"2023-01-22 00:00:00",15
122,7,"2023-02-28 00:00:00",9
123,6,"2023-11-26 00:00:00",2
124,18,"2023-02-03 00:00:00",2
125,15,"2023-02-13 00:00:00",8
126,16,"2023-04-03 00:00:00",13
127,2,"2023-05-26 00:00:00",10
128,13,"2023-08-17 00:00:00",8
129,18,"2023-05-08 00:00:00",11
130,20,"2023-08-21 00:00:00",8
131,10,"2023-01-24 00:00:00",12
132,16,"2023-06-23 00:00:00",13
133,11,"2023-04-12 00:00:00",6
134,16,"2023-08-14 00:00:00",14
135,1,"2023-11-22 00:00:00",11
136,12,"2023-07-10 00:00:00",1
137,20,"2023-03-05 00:00:00",8
138,18,"2023-08-04 00:00:00",3
139,15,"2023-08-14 00:00:00",5
140,16,"2023-05-27 00:00:00",15
141,9,"2023-05-12 00:00:00",12
142,10,"2023-03-03 00:00:00",14
143,18,"2023-03-10 00:00:00",14
144,20,"2023-02-06 00:00:00",6
145,11,"2023-09-15 00:00:00",8
146,16,"2023-02-03 00:00:00",7
147,5,"2023-10-11 00:00:00",5
148,19,"2023-09-01 00:00:00",3
149,2,"2023-10-09 00:00:00",5
150,9,"2023-02-23 00:00:00",3
151,15,"2023-01-26 00:00:00",10
152,15,"2023-02-24 00:00:00",9
153,18,"2023-08-04 00:00:00",10
154,14,"2023-06-09 00:00:00",11
155,16,"2023-01-27 00:00:00",10
156,20,"2023-10-26 00:00:00",9
157,8,"2023-01-31 00:00:00",9
158,15,"2023-01-31 00:00:00",1
159,20,"2023-03-29 00:00:00",6
160,2,"2023-01-15 00:00:00",14
161,6,"2023-11-29 00:00:00",13
162,10,"2023-10-29 00:00:00",6
163,5,"2023-08-10 00:00:00",14
164,20,"2023-05-26 00:00:00",9
165,20,"2023-03-31 00:00:00",14
166,7,"2023-02-18 00:00:00",14
167,4,"2023-01-11 00:00:00",8
168,9,"2023-01-14 00:00:00",13
169,3,"2023-06-25 00:00:00",7
170,18,"2023-08-28 00:00:00",3
171,13,"2023-06-18 00:00:00",14
172,16,"2023-10-15 00:00:00",7
173,18,"2023-06-12 00:00:00",1
174,12,"2023-09-04 00:00:00",4
175,5,"2023-05-06 00:00:00",10
176,4,"2023-06-19 00:00:00",4
177,9,"2023-07-09 00:00:00",6
178,18,"2023-11-19 00:00:00",10
179,18,"2023-05-03 00:00:00",1
180,10,"2023-07-21 00:00:00",13
181,1,"2023-07-01 00:00:00",5
182,6,"2023-06-13 00:00:00",4
183,9,"2023-02-17 00:00:00",3
184,20,"2023-11-15 00:00:00",9
185,17,"2023-01-03 00:00:00",9
186,13,"2023-10-29 00:00:00",10
187,4,"2023-09-12 00:00:00",4
188,20,"2023-07-29 00:00:00",5
189,1,"2023-05-12 00:00:00",7
190,15,"2023-05-08 00:00:00",14
191,17,"2023-03-17 00:00:00",1
192,2,"2023-02-21 00:00:00",13
193,13,"2023-04-17 00:00:00",7
194,19,"2023-01-28 00:00:00",10
195,20,"2023-08-15 00:00:00",10
196,16,"2023-11-23 00:00:00",4
197,10,"2023-05-04 00:00:00",9
198,7,"2023-10-08 00:00:00",5
199,5,"2023-04-23 00:00:00",13
200,4,"2023-03-17 00:00:00",13
201,3,"2023-02-10 00:00:00",12
202,8,"2023-09-18 00:00:00",15
203,15,"2023-01-16 00:00:00",2
204,8,"2023-10-10 00:00:00",8
205,6,"2023-02-16 00:00:00",12
206,12,"2023-04-09 00:00:00",7
207,12,"2023-06-26 00:00:00",7
208,15,"2023-10-16 00:00:00",9
209,18,"2023-07-28 00:00:00",6
210,1,"2023-11-25 00:00:00",1
211,7,"2023-02-06 00:00:00",6
212,15,"2023-05-23 00:00:00",12
213,8,"2023-08-05 00:00:00",10
214,6,"2023-03-12 00:00:00",10
215,3,"2023-04-13 00:00:00",13
216,17,"2023-08-11 00:00:00",10
217,20,"2023-09-12 00:00:00",10
218,7,"2023-03-11 00:00:00",7
219,10,"2023-10-04 00:00:00",13
220,16,"2023-01-06 00:00:00",7
221,13,"2023-01-25 00:00:00",12
222,2,"2023-02-09 00:00:00",8
223,12,"2023-10-25 00:00:00",3
224,16,"2023-01-19 00:00:00",7
225,15,"2023-07-22 00:00:00",14
226,13,"2023-08-25 00:00:00",8
227,16,"2023-05-30 00:00:00",15
228,12,"2023-10-27 00:00:00",10
229,18,"2023-05-30 00:00:00",9
230,9,"2023-10-20 00:00:00",9
231,11,"2023-11-01 00:00:00",14
232,5,"2023-10-05 00:00:00",8
233,19,"2023-01-09 00:00:00",13
234,8,"2023-02-04 00:00:00",8
235,2,"2023-06-15 00:00:00",5
236,9,"2023-06-03 00:00:00",14
237,1,"2023-04-26 00:00:00",7
238,16,"2023-02-15 00:00:00",9
239,1,"2023-09-29 00:00:00",7
240,14,"2023-04-16 00:00:00",10
241,1,"2023-07-22 00:00:00",12
242,9,"2023-08-05 00:00:00",15
243,16,"2023-06-28 00:00:00",11
244,7,"2023-03-08 00:00:00",11
245,4,"2023-07-28 00:00:00",15
246,10,"2023-03-09 00:00:00",7
247,4,"2023-01-02 00:00:00",11
248,18,"2023-09-29 00:00:00",8
249,4,"2023-10-25 00:00:00",1
250,2,"2023-01-03 00:00:00",9
251,17,"2023-06-06 00:00:00",14
252,12,"2023-01-28 00:00:00",10
253,17,"2023-08-13 00:00:00",11
254,3,"2023-05-25 00:00:00",11
255,10,"2023-06-21 00:00:00",9
256,10,"2023-04-08 00:00:00",9
257,5,"2023-10-17 00:00:00",3
258,6,"2023-06-18 00:00:00",1
259,15,"2023-07-31 00:00:00",8
260,10,"2023-08-18 00:00:00",11
261,15,"2023-07-14 00:00:00",7
262,17,"2023-10-11 00:00:00",4
263,7,"2023-08-30 00:00:00",8
264,3,"2023-06-24 00:00:00",7
265,5,"2023-01-31 00:00:00",7
266,5,"2023-02-20 00:00:00",10
267,1,"2023-05-22 00:00:00",13
268,1,"2023-05-30 00:00:00",10
269,16,"2023-01-01 00:00:00",11
270,17,"2023-09-30 00:00:00",1
271,8,"2023-09-05 00:00:00",6
272,9,"2023-08-25 00:00:00",14
273,4,"2023-10-11 00:00:00",12
274,15,"2023-06-13 00:00:00",2
275,18,"2023-08-27 00:00:00",11
276,3,"2023-06-11 00:00:00",6
277,4,"2023-11-26 00:00:00",9
278,16,"2023-07-02 00:00:00",13
279,19,"2023-05-10 00:00:00",3
280,10,"2023-10-07 00:00:00",12
281,8,"2023-01-22 00:00:00",6
282,10,"2023-06-04 00:00:00",7
283,14,"2023-03-24 00:00:00",6
284,17,"2023-06-04 00:00:00",2
285,5,"2023-11-11 00:00:00",4
286,1,"2023-05-16 00:00:00",6
287,8,"2023-04-19 00:00:00",6
288,16,"2023-06-24 00:00:00",13
289,4,"2023-08-27 00:00:00",5
290,9,"2023-10-05 00:00:00",13
291,7,"2023-04-18 00:00:00",8
292,8,"2023-08-27 00:00:00",6
293,10,"2023-01-08 00:00:00",4
294,14,"2023-03-25 00:00:00",13
295,14,"2023-01-25 00:00:00",11
296,17,"2023-03-28 00:00:00",11
297,11,"2023-05-06 00:00:00",7
298,3,"2023-05-05 00:00:00",5
299,11,"2023-04-04 00:00:00",11
300,10,"2023-05-30 00:00:00",6
301,20,"2023-04-13 00:00:00",15
302,16,"2023-07-25 00:00:00",8
303,8,"2023-05-24 00:00:00",1
304,17,"2023-04-14 00:00:00",10
305,6,"2023-02-01 00:00:00",7
306,1,"2023-09-13 00:00:00",13
307,7,"2023-08-28 00:00:00",2
308,5,"2023-08-14 00:00:00",6
309,14,"2023-08-18 00:00:00",15
310,14,"2023-01-19 00:00:00",10
311,6,"2023-08-21 00:00:00",1
312,13,"2023-02-19 00:00:00",4
313,3,"2023-05-07 00:00:00",12
314,18,"2023-08-29 00:00:00",6
315,6,"2023-08-23 00:00:00",15
316,1,"2023-07-07 00:00:00",15
317,12,"2023-11-11 00:00:00",11
318,14,"2023-01-24 00:00:00",10
319,7,"2023-09-25 00:00:00",6
320,5,"2023-11-03 00:00:00",14
321,4,"2023-06-23 00:00:00",1
322,7,"2023-02-17 00:00:00",4
323,11,"2023-09-28 00:00:00",11
324,17,"2023-02-08 00:00:00",5
325,16,"2023-10-03 00:00:00",9
326,11,"2023-01-25 00:00:00",15
327,10,"2023-08-16 00:00:00",10
328,7,"2023-07-15 00:00:00",10
329,3,"2023-06-15 00:00:00",5
330,16,"2023-08-21 00:00:00",1
331,7,"2023-02-07 00:00:00",10
332,16,"2023-09-25 00:00:00",4
333,17,"2023-04-18 00:00:00",2
334,8,"2023-11-15 00:00:00",11
335,13,"2023-07-19 00:00:00",13
336,19,"2023-08-20 00:00:00",5
337,5,"2023-03-12 00:00:00",11
338,7,"2023-02-10 00:00:00",10
339,4,"2023-09-13 00:00:00",14
340,3,"2023-08-09 00:00:00",3
341,10,"2023-10-07 00:00:00",10
342,6,"2023-07-31 00:00:00",13
343,12,"2023-01-22 00:00:00",14
344,14,"2023-08-25 00:00:00",5
345,6,"2023-09-21 00:00:00",11
346,8,"2023-04-15 00:00:00",14
347,18,"2023-04-07 00:00:00",15
348,16,"2023-06-01 00:00:00",5
349,5,"2023-05-16 00:00:00",2
350,6,"2023-06-18 00:00:00",2
351,13,"2023-02-14 00:00:00",5
352,17,"2023-05-05 00:00:00",7
353,9,"2023-04-01 00:00:00",2
354,5,"2023-04-15 00:00:00",13
355,6,"2023-08-28 00:00:00",4
356,7,"2023-10-25 00:00:00",5
357,9,"2023-05-05 00:00:00",10
358,6,"2023-01-21 00:00:00",5
359,9,"2023-06-12 00:00:00",4
360,5,"2023-03-16 00:00:00",11
361,15,"2023-06-17 00:00:00",1
362,9,"2023-08-04 00:00:00",12
363,17,"2023-06-21 00:00:00",13
364,19,"2023-05-29 00:00:00",4
365,1,"2023-04-14 00:00:00",1
366,12,"2023-05-17 00:00:00",14
367,1,"2023-08-09 00:00:00",2
368,16,"2023-04-22 00:00:00",8
369,13,"2023-02-06 00:00:00",8
370,14,"2023-08-23 00:00:00",12
371,13,"2023-10-21 00:00:00",10
372,8,"2023-01-09 00:00:00",1
373,2,"2023-09-03 00:00:00",9
374,3,"2023-01-28 00:00:00",3
375,3,"2023-01-26 00:00:00",15
376,18,"2023-01-14 00:00:00",12
377,3,"2023-08-12 00:00:00",3
378,18,"2023-11-02 00:00:00",7
379,13,"2023-09-21 00:00:00",9
380,8,"2023-07-26 00:00:00",4
381,13,"2023-08-19 00:00:00",5
382,3,"2023-08-05 00:00:00",15
383,15,"2023-01-24 00:00:00",8
384,10,"2023-01-03 00:00:00",15
385,4,"2023-03-16 00:00:00",9
386,11,"2023-03-10 00:00:00",12
387,1,"2023-11-19 00:00:00",6
388,7,"2023-02-27 00:00:00",14
389,13,"2023-02-19 00:00:00",2
390,16,"2023-06-24 00:00:00",9
391,7,"2023-07-09 00:00:00",13
392,15,"2023-08-10 00:00:00",6
393,1,"2023-07-25 00:00:00",5
394,4,"2023-06-11 00:00:00",10
395,4,"2023-08-06 00:00:00",11
396,17,"2023-10-21 00:00:00",5
397,10,"2023-11-19 00:00:00",1
398,4,"2023-08-06 00:00:00",9
399,5,"2023-10-01 00:00:00",8
400,18,"2023-08-25 00:00:00",15
401,3,"2023-07-10 00:00:00",13
402,12,"2023-11-24 00:00:00",13
403,2,"2023-01-17 00:00:00",5
404,19,"2023-06-25 00:00:00",11
405,20,"2023-07-14 00:00:00",4
406,1,"2023-04-06 00:00:00",1
407,2,"2023-02-25 00:00:00",6
408,20,"2023-09-12 00:00:00",15
409,8,"2023-06-26 00:00:00",4
410,14,"2023-01-16 00:00:00",10
411,18,"2023-05-14 00:00:00",8
412,19,"2023-09-03 00:00:00",15
413,5,"2023-09-20 00:00:00",6
414,11,"2023-03-28 00:00:00",15
415,6,"2023-05-26 00:00:00",6
416,3,"2023-01-12 00:00:00",11
417,11,"2023-03-24 00:00:00",1
418,7,"2023-03-25 00:00:00",12
419,11,"2023-03-27 00:00:00",10
420,2,"2023-07-28 00:00:00",11
421,13,"2023-01-02 00:00:00",7
422,18,"2023-01-15 00:00:00",1
423,18,"2023-11-16 00:00:00",6
424,3,"2023-05-18 00:00:00",11
425,4,"2023-10-06 00:00:00",5
426,13,"2023-03-22 00:00:00",3
427,5,"2023-07-28 00:00:00",5
428,7,"2023-09-23 00:00:00",14
429,8,"2023-01-21 00:00:00",2
430,2,"2023-11-24 00:00:00",4
431,5,"2023-07-13 00:00:00",9
432,9,"2023-06-14 00:00:00",1
433,2,"2023-02-20 00:00:00",5
434,11,"2023-02-20 00:00:00",12
435,1,"2023-10-22 00:00:00",13
436,15,"2023-05-28 00:00:00",11
437,18,"2023-10-17 00:00:00",14
438,11,"2023-03-24 00:00:00",9
439,11,"2023-09-03 00:00:00",10
440,8,"2023-05-30 00:00:00",11
441,6,"2023-11-22 00:00:00",1
442,2,"2023-02-19 00:00:00",11
443,17,"2023-07-19 00:00:00",15
444,14,"2023-05-15 00:00:00",8
445,8,"2023-04-04 00:00:00",2
446,9,"2023-04-26 00:00:00",11
447,20,"2023-10-03 00:00:00",15
448,4,"2023-11-09 00:00:00",15
449,10,"2023-03-27 00:00:00",1
450,9,"2023-11-03 00:00:00",12
451,2,"2023-07-22 00:00:00",2
452,11,"2023-09-09 00:00:00",15
453,15,"2023-03-27 00:00:00",4
454,8,"2023-10-02 00:00:00",3
455,11,"2023-05-29 00:00:00",10
456,2,"2023-10-17 00:00:00",4
457,5,"2023-08-20 00:00:00",11
458,6,"2023-05-18 00:00:00",14
459,16,"2023-09-04 00:00:00",9
460,19,"2023-08-09 00:00:00",1
461,10,"2023-10-12 00:00:00",11
462,14,"2023-08-29 00:00:00",4
463,2,"2023-11-29 00:00:00",6
464,1,"2023-01-06 00:00:00",13
465,19,"2023-03-21 00:00:00",4
466,9,"2023-04-30 00:00:00",8
467,11,"2023-06-04 00:00:00",4
468,5,"2023-09-12 00:00:00",7
469,18,"2023-11-24 00:00:00",13
470,13,"2023-08-10 00:00:00",11
471,20,"2023-03-07 00:00:00",11
472,16,"2023-10-31 00:00:00",1
473,20,"2023-07-20 00:00:00",10
474,3,"2023-11-11 00:00:00",9
475,18,"2023-02-09 00:00:00",3
476,5,"2023-06-21 00:00:00",3
477,11,"2023-01-17 00:00:00",3
478,20,"2023-10-10 00:00:00",7
479,8,"2023-08-01 00:00:00",8
480,3,"2023-09-19 00:00:00",6
481,16,"2023-03-31 00:00:00",12
482,4,"2023-04-03 00:00:00",14
483,15,"2023-10-21 00:00:00",4
484,2,"2023-09-20 00:00:00",9
485,15,"2023-11-25 00:00:00",2
486,13,"2023-08-16 00:00:00",8
487,18,"2023-07-10 00:00:00",5
488,18,"2023-02-21 00:00:00",2
489,6,"2023-05-25 00:00:00",6
490,5,"2023-07-24 00:00:00",2
491,20,"2023-10-21 00:00:00",13
492,20,"2023-11-19 00:00:00",13
493,12,"2023-08-06 00:00:00",2
494,18,"2023-07-04 00:00:00",2
495,14,"2023-08-06 00:00:00",10
496,18,"2023-03-27 00:00:00",5
497,13,"2023-03-18 00:00:00",7
498,10,"2023-07-09 00:00:00",5
499,5,"2023-02-09 00:00:00",2
500,2,"2023-05-22 00:00:00",13
501,14,"2023-02-20 00:00:00",9
502,8,"2023-11-12 00:00:00",14
503,19,"2023-07-28 00:00:00",1
504,9,"2023-05-15 00:00:00",15
505,1,"2023-06-03 00:00:00",9
506,10,"2023-04-23 00:00:00",5
507,17,"2023-10-08 00:00:00",11
508,3,"2023-01-08 00:00:00",9
509,16,"2023-09-25 00:00:00",12
510,9,"2023-03-12 00:00:00",8
511,12,"2023-05-12 00:00:00",12
512,10,"2023-05-19 00:00:00",10
513,2,"2023-04-27 00:00:00",10
514,16,"2023-03-24 00:00:00",13
515,15,"2023-01-21 00:00:00",12
516,7,"2023-06-20 00:00:00",15
517,12,"2023-06-06 00:00:00",10
518,19,"2023-10-19 00:00:00",12
519,2,"2023-05-05 00:00:00",14
520,17,"2023-08-18 00:00:00",4
521,13,"2023-09-18 00:00:00",6
522,10,"2023-07-02 00:00:00",11
523,15,"2023-01-23 00:00:00",13
524,18,"2023-08-22 00:00:00",5
525,12,"2023-02-14 00:00:00",13
526,2,"2023-01-24 00:00:00",10
527,7,"2023-03-16 00:00:00",5
528,16,"2023-01-10 00:00:00",14
529,20,"2023-06-07 00:00:00",15
530,15,"2023-10-14 00:00:00",9
531,9,"2023-10-09 00:00:00",15
532,10,"2023-03-31 00:00:00",11
533,17,"2023-01-23 00:00:00",13
534,6,"2023-11-08 00:00:00",2
535,7,"2023-08-29 00:00:00",9
536,5,"2023-05-29 00:00:00",9
537,18,"2023-11-17 00:00:00",11
538,2,"2023-06-29 00:00:00",3
539,20,"2023-09-18 00:00:00",2
540,15,"2023-09-16 00:00:00",3
541,16,"2023-06-22 00:00:00",9
542,16,"2023-03-14 00:00:00",5
543,19,"2023-07-20 00:00:00",8
544,3,"2023-09-10 00:00:00",8
545,20,"2023-03-27 00:00:00",10
546,5,"2023-08-04 00:00:00",6
547,19,"2023-05-28 00:00:00",4
548,11,"2023-05-01 00:00:00",10
549,11,"2023-09-18 00:00:00",13
550,15,"2023-04-08 00:00:00",11
551,17,"2023-02-04 00:00:00",11
552,13,"2023-11-09 00:00:00",9
553,10,"2023-08-25 00:00:00",6
554,20,"2023-06-11 00:00:00",6
555,14,"2023-11-04 00:00:00",15
556,2,"2023-07-16 00:00:00",8
557,4,"2023-10-10 00:00:00",9
558,20,"2023-05-30 00:00:00",12
559,2,"2023-03-25 00:00:00",7
560,19,"2023-03-14 00:00:00",5
561,13,"2023-06-09 00:00:00",2
562,3,"2023-03-09 00:00:00",11
563,2,"2023-07-02 00:00:00",3
564,9,"2023-03-16 00:00:00",6
565,9,"2023-03-14 00:00:00",2
566,20,"2023-04-20 00:00:00",14
567,20,"2023-09-30 00:00:00",3
568,11,"2023-11-20 00:00:00",11
569,12,"2023-03-21 00:00:00",2
570,11,"2023-10-31 00:00:00",8
571,1,"2023-02-21 00:00:00",2
572,12,"2023-11-25 00:00:00",15
573,15,"2023-05-06 00:00:00",10
574,3,"2023-06-09 00:00:00",14
575,4,"2023-01-20 00:00:00",9
576,5,"2023-07-05 00:00:00",9
577,10,"2023-06-03 00:00:00",8
578,14,"2023-08-06 00:00:00",13
579,6,"2023-06-23 00:00:00",1
580,2,"2023-11-20 00:00:00",9
581,6,"2023-08-12 00:00:00",2
582,18,"2023-10-23 00:00:00",2
583,18,"2023-10-27 00:00:00",1
584,2,"2023-06-08 00:00:00",14
585,3,"2023-03-26 00:00:00",13
586,17,"2023-08-08 00:00:00",14
587,20,"2023-03-20 00:00:00",13
588,7,"2023-06-28 00:00:00",10
589,7,"2023-02-27 00:00:00",8
590,6,"2023-02-17 00:00:00",5
591,16,"2023-02-04 00:00:00",4
592,16,"2023-02-01 00:00:00",1
593,7,"2023-07-13 00:00:00",10
594,12,"2023-09-23 00:00:00",1
595,10,"2023-08-26 00:00:00",10
596,10,"2023-01-05 00:00:00",14
597,11,"2023-06-14 00:00:00",6
598,5,"2023-09-05 00:00:00",14
599,10,"2023-05-27 00:00:00",14
600,10,"2023-05-15 00:00:00",13
601,11,"2023-10-16 00:00:00",3
602,11,"2023-11-16 00:00:00",12
603,18,"2023-11-13 00:00:00",9
604,20,"2023-07-02 00:00:00",1
605,10,"2023-11-18 00:00:00",12
606,11,"2023-01-13 00:00:00",5
607,6,"2023-07-12 00:00:00",9
608,10,"2023-03-17 00:00:00",10
609,14,"2023-08-11 00:00:00",11
610,14,"2023-05-09 00:00:00",15
611,8,"2023-03-05 00:00:00",11
612,20,"2023-01-02 00:00:00",12
613,18,"2023-07-02 00:00:00",9
614,17,"2023-09-18 00:00:00",8
615,9,"2023-07-31 00:00:00",4
616,1,"2023-11-16 00:00:00",7
617,17,"2023-01-31 00:00:00",3
618,14,"2023-05-28 00:00:00",1
619,12,"2023-02-19 00:00:00",2
620,18,"2023-09-30 00:00:00",8
621,10,"2023-03-21 00:00:00",13
622,10,"2023-11-29 00:00:00",14
623,18,"2023-11-29 00:00:00",11
624,11,"2023-07-13 00:00:00",12
625,12,"2023-06-08 00:00:00",14
626,11,"2023-11-25 00:00:00",5
627,20,"2023-05-04 00:00:00",5
628,8,"2023-07-12 00:00:00",15
629,10,"2023-04-12 00:00:00",4
630,1,"2023-05-07 00:00:00",13
631,15,"2023-11-26 00:00:00",9
632,13,"2023-08-27 00:00:00",5
633,10,"2023-08-02 00:00:00",4
634,8,"2023-09-17 00:00:00",15
635,3,"2023-07-14 00:00:00",11
636,7,"2023-04-23 00:00:00",2
637,20,"2023-03-23 00:00:00",5
638,11,"2023-09-26 00:00:00",13
639,10,"2023-11-12 00:00:00",14
640,6,"2023-09-20 00:00:00",3
641,1,"2023-08-19 00:00:00",12
642,10,"2023-10-17 00:00:00",5
643,10,"2023-10-23 00:00:00",14
644,3,"2023-04-25 00:00:00",5
645,6,"2023-05-27 00:00:00",11
646,2,"2023-11-08 00:00:00",9
647,6,"2023-10-26 00:00:00",6
648,3,"2023-04-29 00:00:00",1
649,14,"2023-01-13 00:00:00",8
650,4,"2023-05-10 00:00:00",13
651,9,"2023-09-07 00:00:00",12
652,11,"2023-03-31 00:00:00",9
653,10,"2023-07-26 00:00:00",15
654,10,"2023-02-02 00:00:00",3
655,18,"2023-10-19 00:00:00",8
656,3,"2023-10-07 00:00:00",1
657,15,"2023-04-05 00:00:00",8
658,15,"2023-06-27 00:00:00",1
659,14,"2023-02-10 00:00:00",11
660,6,"2023-01-04 00:00:00",2
661,15,"2023-04-06 00:00:00",9
662,10,"2023-04-24 00:00:00",7
663,15,"2023-10-12 00:00:00",7
664,2,"2023-01-12 00:00:00",15
665,14,"2023-01-11 00:00:00",3
666,18,"2023-01-30 00:00:00",10
667,11,"2023-11-23 00:00:00",1
668,5,"2023-04-29 00:00:00",5
669,19,"2023-10-22 00:00:00",3
670,18,"2023-02-26 00:00:00",13
671,13,"2023-08-07 00:00:00",11
672,17,"2023-09-28 00:00:00",14
673,4,"2023-01-13 00:00:00",9
674,14,"2023-09-13 00:00:00",1
675,5,"2023-09-20 00:00:00",10
676,3,"2023-03-24 00:00:00",6
677,19,"2023-09-04 00:00:00",13
678,10,"2023-02-04 00:00:00",15
679,19,"2023-09-11 00:00:00",10
680,14,"2023-03-07 00:00:00",4
681,1,"2023-04-15 00:00:00",3
682,10,"2023-05-07 00:00:00",1
683,8,"2023-03-28 00:00:00",8
684,4,"2023-05-30 00:00:00",13
685,1,"2023-02-12 00:00:00",4
686,9,"2023-04-14 00:00:00",2
687,9,"2023-03-14 00:00:00",14
688,13,"2023-06-25 00:00:00",6
689,12,"2023-05-11 00:00:00",5
690,13,"2023-05-23 00:00:00",13
691,12,"2023-07-16 00:00:00",6
692,13,"2023-03-22 00:00:00",3
693,18,"2023-05-19 00:00:00",3
694,14,"2023-04-11 00:00:00",1
695,4,"2023-07-26 00:00:00",14
696,20,"2023-02-08 00:00:00",8
697,10,"2023-08-19 00:00:00",6
698,11,"2023-01-24 00:00:00",2
699,6,"2023-11-18 00:00:00",6
700,12,"2023-06-01 00:00:00",1
701,15,"2023-08-12 00:00:00",12
702,18,"2023-10-01 00:00:00",7
703,13,"2023-05-18 00:00:00",2
704,12,"2023-10-17 00:00:00",6
705,5,"2023-08-29 00:00:00",1
706,18,"2023-05-26 00:00:00",1
707,13,"2023-06-23 00:00:00",15
708,19,"2023-07-25 00:00:00",9
709,19,"2023-09-14 00:00:00",6
710,14,"2023-10-30 00:00:00",14
711,11,"2023-10-09 00:00:00",4
712,6,"2023-06-26 00:00:00",7
713,4,"2023-07-05 00:00:00",6
714,7,"2023-05-13 00:00:00",1
715,18,"2023-03-31 00:00:00",6
716,2,"2023-07-18 00:00:00",1
717,20,"2023-06-17 00:00:00",10
718,7,"2023-01-12 00:00:00",3
719,14,"2023-11-20 00:00:00",6
720,1,"2023-03-08 00:00:00",13
721,4,"2023-06-21 00:00:00",4
722,12,"2023-10-24 00:00:00",5
723,10,"2023-07-28 00:00:00",7
724,2,"2023-01-14 00:00:00",13
725,15,"2023-06-21 00:00:00",14
726,11,"2023-09-05 00:00:00",8
727,3,"2023-03-29 00:00:00",12
728,3,"2023-03-27 00:00:00",7
729,1,"2023-03-15 00:00:00",10
730,3,"2023-10-12 00:00:00",13
731,10,"2023-03-20 00:00:00",9
732,1,"2023-10-14 00:00:00",6
733,8,"2023-05-31 00:00:00",11
734,5,"2023-05-09 00:00:00",5
735,20,"2023-06-10 00:00:00",10
736,13,"2023-02-20 00:00:00",4
737,6,"2023-10-03 00:00:00",10
738,11,"2023-05-18 00:00:00",15
739,2,"2023-05-23 00:00:00",2
740,13,"2023-01-06 00:00:00",15
741,9,"2023-11-05 00:00:00",8
742,18,"2023-09-27 00:00:00",13
743,4,"2023-10-01 00:00:00",4
744,9,"2023-05-22 00:00:00",6
745,15,"2023-08-28 00:00:00",10
746,19,"2023-07-11 00:00:00",7
747,12,"2023-02-26 00:00:00",2
748,16,"2023-08-29 00:00:00",9
749,7,"2023-07-31 00:00:00",11
750,19,"2023-08-31 00:00:00",9
751,20,"2023-03-27 00:00:00",13
752,13,"2023-08-10 00:00:00",1
753,9,"2023-03-24 00:00:00",6
754,19,"2023-08-03 00:00:00",1
755,15,"2023-08-29 00:00:00",2
756,2,"2023-10-29 00:00:00",7
757,10,"2023-08-20 00:00:00",5
758,3,"2023-09-25 00:00:00",2
759,18,"2023-11-02 00:00:00",8
760,5,"2023-02-16 00:00:00",13
761,20,"2023-05-24 00:00:00",1
762,7,"2023-03-27 00:00:00",10
763,3,"2023-04-06 00:00:00",2
764,2,"2023-03-04 00:00:00",11
765,14,"2023-05-03 00:00:00",13
766,8,"2023-06-23 00:00:00",12
767,19,"2023-07-27 00:00:00",14
768,3,"2023-05-16 00:00:00",15
769,12,"2023-07-14 00:00:00",13
770,20,"2023-02-16 00:00:00",15
771,1,"2023-08-23 00:00:00",2
772,11,"2023-03-02 00:00:00",7
773,2,"2023-03-04 00:00:00",7
774,16,"2023-09-18 00:00:00",8
775,13,"2023-05-19 00:00:00",10
776,2,"2023-07-18 00:00:00",4
777,10,"2023-10-05 00:00:00",9
778,11,"2023-08-23 00:00:00",11
779,13,"2023-03-26 00:00:00",12
780,1,"2023-02-13 00:00:00",11
781,6,"2023-11-17 00:00:00",8
782,14,"2023-07-03 00:00:00",11
783,12,"2023-02-18 00:00:00",7
784,7,"2023-02-18 00:00:00",6
785,6,"2023-01-27 00:00:00",13
786,2,"2023-05-25 00:00:00",14
787,19,"2023-01-02 00:00:00",14
788,19,"2023-04-17 00:00:00",14
789,4,"2023-09-26 00:00:00",7
790,19,"2023-09-26 00:00:00",1
791,5,"2023-06-23 00:00:00",12
792,9,"2023-10-19 00:00:00",15
793,6,"2023-05-24 00:00:00",15
794,18,"2023-07-18 00:00:00",9
795,19,"2023-05-25 00:00:00",5
796,5,"2023-11-16 00:00:00",11
797,12,"2023-10-27 00:00:00",4
798,8,"2023-06-06 00:00:00",11
799,8,"2023-05-02 00:00:00",14
800,13,"2023-04-17 00:00:00",15
801,9,"2023-01-18 00:00:00",1
802,2,"2023-01-01 00:00:00",9
803,7,"2023-10-29 00:00:00",13
804,7,"2023-06-13 00:00:00",12
805,14,"2023-10-18 00:00:00",8
806,9,"2023-05-13 00:00:00",4
807,18,"2023-09-05 00:00:00",6
808,14,"2023-10-27 00:00:00",2
809,15,"2023-05-24 00:00:00",4
810,14,"2023-09-17 00:00:00",2
811,15,"2023-09-02 00:00:00",4
812,11,"2023-06-16 00:00:00",7
813,13,"2023-10-07 00:00:00",1
814,2,"2023-04-13 00:00:00",14
815,20,"2023-03-31 00:00:00",10
816,20,"2023-03-06 00:00:00",3
817,4,"2023-04-21 00:00:00",1
818,17,"2023-08-02 00:00:00",1
819,19,"2023-06-06 00:00:00",11
820,1,"2023-11-26 00:00:00",4
821,19,"2023-02-23 00:00:00",4
822,4,"2023-07-11 00:00:00",6
823,20,"2023-11-17 00:00:00",10
824,7,"2023-06-29 00:00:00",3
825,16,"2023-11-28 00:00:00",12
826,1,"2023-09-04 00:00:00",3
827,11,"2023-04-20 00:00:00",15
828,20,"2023-06-19 00:00:00",4
829,8,"2023-01-05 00:00:00",15
830,10,"2023-05-13 00:00:00",4
831,18,"2023-04-11 00:00:00",2
832,13,"2023-10-21 00:00:00",8
833,12,"2023-08-29 00:00:00",14
834,4,"2023-08-04 00:00:00",6
835,17,"2023-05-28 00:00:00",5
836,19,"2023-02-25 00:00:00",2
837,2,"2023-05-25 00:00:00",2
838,11,"2023-05-18 00:00:00",5
839,14,"2023-08-19 00:00:00",12
840,1,"2023-06-28 00:00:00",6
841,6,"2023-06-10 00:00:00",13
842,12,"2023-09-17 00:00:00",14
843,12,"2023-09-02 00:00:00",11
844,8,"2023-03-24 00:00:00",12
845,7,"2023-01-22 00:00:00",9
846,20,"2023-09-11 00:00:00",7
847,3,"2023-01-25 00:00:00",15
848,2,"2023-10-25 00:00:00",4
849,6,"2023-08-26 00:00:00",12
850,9,"2023-06-11 00:00:00",12
851,6,"2023-03-07 00:00:00",3
852,15,"2023-07-16 00:00:00",15
853,8,"2023-11-13 00:00:00",3
854,8,"2023-06-28 00:00:00",8
855,11,"2023-07-28 00:00:00",7
856,17,"2023-03-26 00:00:00",14
857,9,"2023-06-18 00:00:00",6
858,4,"2023-02-18 00:00:00",7
859,1,"2023-09-09 00:00:00",14
860,17,"2023-06-12 00:00:00",6
861,8,"2023-02-28 00:00:00",10
862,19,"2023-10-02 00:00:00",8
863,9,"2023-05-30 00:00:00",1
864,4,"2023-01-04 00:00:00",9
865,3,"2023-05-29 00:00:00",3
866,12,"2023-11-29 00:00:00",2
867,10,"2023-10-21 00:00:00",5
868,18,"2023-09-27 00:00:00",7
869,8,"2023-05-22 00:00:00",9
870,3,"2023-04-28 00:00:00",9
871,8,"2023-02-09 00:00:00",10
872,17,"2023-02-21 00:00:00",9
873,17,"2023-05-20 00:00:00",9
874,1,"2023-01-03 00:00:00",10
875,14,"2023-11-06 00:00:00",2
876,18,"2023-01-14 00:00:00",9
877,3,"2023-02-22 00:00:00",11
878,6,"2023-11-18 00:00:00",6
879,9,"2023-01-04 00:00:00",3
880,1,"2023-05-22 00:00:00",2
881,15,"2023-01-24 00:00:00",9
882,6,"2023-04-03 00:00:00",1
883,13,"2023-06-05 00:00:00",12
884,17,"2023-11-09 00:00:00",11
885,8,"2023-03-05 00:00:00",10
886,14,"2023-07-06 00:00:00",12
887,7,"2023-06-27 00:00:00",11
888,18,"2023-05-21 00:00:00",2
889,7,"2023-04-09 00:00:00",5
890,20,"2023-09-11 00:00:00",11
891,1,"2023-10-01 00:00:00",11
892,9,"2023-10-10 00:00:00",14
893,6,"2023-06-30 00:00:00",1
894,11,"2023-03-31 00:00:00",9
895,11,"2023-10-21 00:00:00",8
896,20,"2023-05-15 00:00:00",15
897,14,"2023-09-26 00:00:00",12
898,5,"2023-03-03 00:00:00",2
899,2,"2023-11-10 00:00:00",4
900,15,"2023-05-15 00:00:00",10
901,2,"2023-10-26 00:00:00",5
902,20,"2023-05-17 00:00:00",6
903,13,"2023-05-31 00:00:00",11
904,6,"2023-09-09 00:00:00",3
905,1,"2023-10-12 00:00:00",12
906,6,"2023-07-21 00:00:00",8
907,12,"2023-09-18 00:00:00",5
908,9,"2023-08-18 00:00:00",11
909,4,"2023-01-23 00:00:00",12
910,12,"2023-11-05 00:00:00",1
911,8,"2023-06-26 00:00:00",13
912,1,"2023-08-10 00:00:00",9
913,12,"2023-03-16 00:00:00",3
914,1,"2023-06-21 00:00:00",6
915,7,"2023-11-15 00:00:00",12
916,5,"2023-02-24 00:00:00",14
917,6,"2023-01-28 00:00:00",6
918,15,"2023-03-29 00:00:00",10
919,5,"2023-05-10 00:00:00",8
920,11,"2023-02-05 00:00:00",6
921,4,"2023-04-14 00:00:00",13
922,19,"2023-06-06 00:00:00",11
923,14,"2023-05-28 00:00:00",14
924,9,"2023-07-29 00:00:00",12
925,3,"2023-01-15 00:00:00",15
926,11,"2023-09-30 00:00:00",12
927,2,"2023-02-08 00:00:00",15
928,19,"2023-01-17 00:00:00",13
929,3,"2023-05-12 00:00:00",1
930,16,"2023-09-19 00:00:00",8
931,11,"2023-08-17 00:00:00",13
932,8,"2023-08-20 00:00:00",15
933,10,"2023-10-09 00:00:00",3
934,18,"2023-11-29 00:00:00",6
935,18,"2023-02-27 00:00:00",4
936,7,"2023-02-28 00:00:00",10
937,18,"2023-07-23 00:00:00",8
938,1,"2023-11-12 00:00:00",3
939,14,"2023-11-03 00:00:00",9
940,15,"2023-03-05 00:00:00",15
941,10,"2023-08-07 00:00:00",3
942,12,"2023-11-18 00:00:00",5
943,18,"2023-02-09 00:00:00",1
944,13,"2023-10-25 00:00:00",7
945,13,"2023-03-01 00:00:00",2
946,8,"2023-10-08 00:00:00",10
947,1,"2023-04-14 00:00:00",8
948,17,"2023-08-05 00:00:00",12
949,4,"2023-01-20 00:00:00",2
950,4,"2023-10-07 00:00:00",1
951,7,"2023-01-18 00:00:00",4
952,10,"2023-05-03 00:00:00",12
953,8,"2023-03-30 00:00:00",9
954,6,"2023-01-01 00:00:00",13
955,1,"2023-01-21 00:00:00",4
956,10,"2023-07-14 00:00:00",2
957,18,"2023-10-27 00:00:00",5
958,11,"2023-08-23 00:00:00",2
959,7,"2023-08-01 00:00:00",15
960,12,"2023-06-18 00:00:00",15
961,17,"2023-11-22 00:00:00",7
962,11,"2023-07-08 00:00:00",6
963,2,"2023-04-16 00:00:00",6
964,5,"2023-06-23 00:00:00",2
965,14,"2023-09-05 00:00:00",14
966,15,"2023-05-20 00:00:00",12
967,11,"2023-03-25 00:00:00",3
968,6,"2023-04-30 00:00:00",9
969,13,"2023-01-23 00:00:00",9
970,11,"2023-02-12 00:00:00",14
971,16,"2023-04-17 00:00:00",5
972,18,"2023-09-07 00:00:00",3
973,2,"2023-09-11 00:00:00",15
974,10,"2023-03-15 00:00:00",8
975,17,"2023-05-28 00:00:00",13
976,15,"2023-10-16 00:00:00",9
977,11,"2023-09-19 00:00:00",10
978,4,"2023-09-19 00:00:00",12
979,8,"2023-01-17 00:00:00",10
980,19,"2023-05-05 00:00:00",15
981,20,"2023-10-29 00:00:00",8
982,6,"2023-10-10 00:00:00",8
983,5,"2023-03-26 00:00:00",7
984,3,"2023-04-18 00:00:00",8
985,15,"2023-10-31 00:00:00",2
986,1,"2023-03-28 00:00:00",1
987,19,"2023-04-19 00:00:00",4
988,2,"2023-11-29 00:00:00",13
989,15,"2023-08-01 00:00:00",11
990,3,"2023-05-20 00:00:00",12
991,9,"2023-10-13 00:00:00",3
992,16,"2023-03-29 00:00:00",6
993,9,"2023-04-23 00:00:00",8
994,14,"2023-01-10 00:00:00",1
995,12,"2023-02-02 00:00:00",15
996,13,"2023-04-01 00:00:00",12
997,8,"2023-07-03 00:00:00",2
998,17,"2023-08-27 00:00:00",4
999,10,"2023-07-29 00:00:00",7
1000,20,"2023-01-17 00:00:00",1
